1,Candie,aQ8)xeJx0c{/NnCi
2,Karel,lS5!iYmc1GN$*{7@
3,Findlay,qG0?3zfq#Ne
4,Erhard,vE6<2y}a
5,Elizabeth,uY7\%Y%)A8
6,Dniren,wO7`{Nm?$qv6
7,Mortimer,fK6AClm<(b6T
8,Haslett,zV3=#K5Z7F
9,Raddie,aW3_{LOrCY
10,Kristal,aQ3_NPz4
11,Corabelle,iW1&kp4u
12,Orlan,nC5}?x~Hj
13,Jacquelyn,lA4%#U2(x%qp+DD
14,Tilly,uG2}ZV9B
15,Ronnica,tG2
16,Clea,oO1\)L!o
17,Janina,jM2@)P?t
18,Janeen,lZ1>f&1NDMOYN6
19,Aindrea,wG7?j8g$
20,Tawsha,yG8$EOVPSs
21,Elvis,yD0#}5Q$KDong6J~
22,Terra,cU5{Mh)p\BqO
23,Shirleen,pB5#?rua_(1u3B
24,Hall,vL3>eEoS)`d#kme
25,Gilli,aG7=3*p>
26,Peg,nY7?`}XS
27,Aldridge,eC5%R|wig%~&
28,Krissy,aP9#O2hc.$yduo
29,Ethelyn,mU1wf=)(v#M
30,Ansell,uT1#6NJ$\{6*P(
31,Sharona,xP0|qZQ9`MgXz
32,Berry,bS8|kt_Qv
33,Helge,vE9_&zXqE?uc
34,Jeramey,cC1\m1Wy\e&%si
35,Lola,uN2(dvh&
36,Nial,wA8
37,Fidela,sP2@$dw)!cP*eX
38,Worthy,fQ3<(3v2(#
39,Debbie,rK9CWus
40,Jobey,bF0/Wp=nF8R
41,Adrien,dC0`Jcs{ExW
42,Christy,rE5>aOy=)!rp&
43,Amabelle,hC7{#s/Y#xsM%uA9
44,Kate,eT1<+D)1Cl
45,Red,uI3{T3SL|447
46,Rosana,fI0(jL!dW&PkI#
47,Taylor,mI7?>y
48,Adan,cP3!~soz(`W
49,Arlen,iY6!Uwv8$}_f
50,Bud,uR9kTaoZD2
